{
  "locations": {
    "": {
      "x": 10.5,
      "y": 0.5,
      "z": 0.0,
      "rotation": {
        "storage": {
          "q0": 1.0,
          "q1": 0.0,
          "q2": 0.0,
          "q3": 0.0
        }
      }
    },
    "elbowThrustBearingSideLink": {
      "x": 85.18000483571868,
      "y": 100.24623047660745,
      "z": 0.0,
      "rotation": {
        "storage": {
          "q0": 1.0,
          "q1": 0.0,
          "q2": 0.0,
          "q3": 0.0
        }
      }
    },
    "WristLink1": {
      "x": 74.9433532302998,
      "y": 145.58989105990509,
      "z": 0.0,
      "rotation": {
        "storage": {
          "q0": 1.0,
          "q1": 0.0,
          "q2": 0.0,
          "q3": 0.0
        }
      }
    },
    "BaseCone": {
      "x": 60.82410059737979,
      "y": 33.054021514750914,
      "z": 0.0,
      "rotation": {
        "storage": {
          "q0": 1.0,
          "q1": 0.0,
          "q2": 0.0,
          "q3": 0.0
        }
      }
    },
    "BaseMount": {
      "x": 202.0,
      "y": 134.30291176373143,
      "z": 0.0,
      "rotation": {
        "storage": {
          "q0": 1.0,
          "q1": 0.0,
          "q2": 0.0,
          "q3": 0.0
        }
      }
    },
    "MiddleLinkMainBracket": {
      "x": 212.25876287738075,
      "y": 229.68,
      "z": 0.0,
      "rotation": {
        "storage": {
          "q0": 1.0,
          "q1": 0.0,
          "q2": 0.0,
          "q3": 0.0
        }
      }
    },
    "EndEffectorPlate": {
      "x": 33.03124999999997,
      "y": -33.03125,
      "z": 0.0,
      "rotation": {
        "storage": {
          "q0": 1.0,
          "q1": 0.0,
          "q2": 0.0,
          "q3": 0.0
        }
      }
    },
    "elbowDriveLink": {
      "x": 176.42814834742185,
      "y": 211.32967844988528,
      "z": 0.0,
      "rotation": {
        "storage": {
          "q0": 1.0,
          "q1": 0.0,
          "q2": 0.0,
          "q3": 0.0
        }
      }
    },
    "craneBase": {
      "x": -44.82603543044451,
      "y": 48.53687744664485,
      "z": 0.0,
      "rotation": {
        "storage": {
          "q0": 1.0,
          "q1": 0.0,
          "q2": 0.0,
          "q3": 0.0
        }
      }
    },
    "BaseMountsupportCrane": {
      "x": -42.161519420623634,
      "y": 40.0,
      "z": 0.0,
      "rotation": {
        "storage": {
          "q0": 1.0,
          "q1": 0.0,
          "q2": 0.0,
          "q3": 0.0
        }
      }
    },
    "wrist2ThrustBearingSide": {
      "x": 134.39932110560642,
      "y": 65.25,
      "z": 0.0,
      "rotation": {
        "storage": {
          "q0": 1.0,
          "q1": 0.0,
          "q2": 0.0,
          "q3": 0.0
        }
      }
    },
    "wrist2Drive": {
      "x": 93.06708422800833,
      "y": 188.0985705035218,
      "z": 0.0,
      "rotation": {
        "storage": {
          "q0": 1.0,
          "q1": 0.0,
          "q2": 0.0,
          "q3": 0.0
        }
      }
    },
    "EndEffectorMount": {
      "x": 166.96875,
      "y": 137.85420870220037,
      "z": 0.0,
      "rotation": {
        "storage": {
          "q0": 1.0,
          "q1": 0.0,
          "q2": 0.0,
          "q3": 0.0
        }
      }
    },
    "BaseMountStandard6dofArm1": {
      "x": 35.03125,
      "y": 200.0,
      "z": 0.0,
      "rotation": {
        "storage": {
          "q0": 1.0,
          "q1": 0.0,
          "q2": 0.0,
          "q3": 0.0
        }
      }
    },
    "MiddleLinkActuatorBracket": {
      "x": 214.80842534288212,
      "y": -18.695043373978933,
      "z": 0.0,
      "rotation": {
        "storage": {
          "q0": 1.0,
          "q1": 0.0,
          "q2": 0.0,
          "q3": 0.0
        }
      }
    }
  },
  "bedX": 200.0,
  "bedY": 240.0
}