{
  "locations": {
    "": {
      "x": 10.5,
      "y": 0.5,
      "z": 0.0,
      "rotation": {
        "storage": {
          "q0": 1.0,
          "q1": 0.0,
          "q2": 0.0,
          "q3": 0.0
        }
      }
    },
    "elbowThrustBearingSideLink": {
      "x": 84.99466933047373,
      "y": 38.98749800003956,
      "z": 0.0,
      "rotation": {
        "storage": {
          "q0": 1.0,
          "q1": 0.0,
          "q2": 0.0,
          "q3": 0.0
        }
      }
    },
    "WristLink1": {
      "x": 70.22995594316197,
      "y": 83.90264414555469,
      "z": 0.0,
      "rotation": {
        "storage": {
          "q0": 1.0,
          "q1": 0.0,
          "q2": 0.0,
          "q3": 0.0
        }
      }
    },
    "BaseCone": {
      "x": 188.78119332679745,
      "y": 134.85872154688576,
      "z": 0.0,
      "rotation": {
        "storage": {
          "q0": 1.0,
          "q1": 0.0,
          "q2": 0.0,
          "q3": 0.0
        }
      }
    },
    "BaseMount": {
      "x": 202.0,
      "y": 134.30291176373143,
      "z": 0.0,
      "rotation": {
        "storage": {
          "q0": 1.0,
          "q1": 0.0,
          "q2": 0.0,
          "q3": 0.0
        }
      }
    },
    "MiddleLinkMainBracket": {
      "x": 202.06376230110982,
      "y": 189.67999999999998,
      "z": 0.0,
      "rotation": {
        "storage": {
          "q0": 1.0,
          "q1": 0.0,
          "q2": 0.0,
          "q3": 0.0
        }
      }
    },
    "EndEffectorPlate": {
      "x": 46.22649575128843,
      "y": -36.860878715161654,
      "z": 0.0,
      "rotation": {
        "storage": {
          "q0": 1.0,
          "q1": 0.0,
          "q2": 0.0,
          "q3": 0.0
        }
      }
    },
    "elbowDriveLink": {
      "x": -23.57185165257811,
      "y": 119.09427648197449,
      "z": 0.0,
      "rotation": {
        "storage": {
          "q0": 1.0,
          "q1": 0.0,
          "q2": 0.0,
          "q3": 0.0
        }
      }
    },
    "craneBase": {
      "x": -33.03125,
      "y": 33.03125,
      "z": 0.0,
      "rotation": {
        "storage": {
          "q0": 1.0,
          "q1": 0.0,
          "q2": 0.0,
          "q3": 0.0
        }
      }
    },
    "BaseMountsupportCrane": {
      "x": -51.362641306164214,
      "y": 88.72832301042791,
      "z": 0.0,
      "rotation": {
        "storage": {
          "q0": 1.0,
          "q1": 0.0,
          "q2": 0.0,
          "q3": 0.0
        }
      }
    },
    "wrist2ThrustBearingSide": {
      "x": -99.14074898614314,
      "y": 65.25000000000003,
      "z": 0.0,
      "rotation": {
        "storage": {
          "q0": 1.0,
          "q1": 0.0,
          "q2": 0.0,
          "q3": 0.0
        }
      }
    },
    "wrist2Drive": {
      "x": -52.12337046042118,
      "y": 159.33819588859575,
      "z": 0.0,
      "rotation": {
        "storage": {
          "q0": 1.0,
          "q1": 0.0,
          "q2": 0.0,
          "q3": 0.0
        }
      }
    },
    "EndEffectorMount": {
      "x": 138.30330890887882,
      "y": 72.96900064321301,
      "z": 0.0,
      "rotation": {
        "storage": {
          "q0": 1.0,
          "q1": 0.0,
          "q2": 0.0,
          "q3": 0.0
        }
      }
    },
    "BaseMountStandard6dofArm1": {
      "x": 35.39065001896342,
      "y": 155.1389539126636,
      "z": 0.0,
      "rotation": {
        "storage": {
          "q0": 1.0,
          "q1": 0.0,
          "q2": 0.0,
          "q3": 0.0
        }
      }
    },
    "MiddleLinkActuatorBracket": {
      "x": 240.72339576394447,
      "y": -27.89385855395566,
      "z": 0.0,
      "rotation": {
        "storage": {
          "q0": 1.0,
          "q1": 0.0,
          "q2": 0.0,
          "q3": 0.0
        }
      }
    }
  },
  "bedX": 240.0,
  "bedY": 200.0
}