{
  "locations": {
    "": {
      "x": 10.5,
      "y": 0.5,
      "z": 0.0,
      "rotation": {
        "storage": {
          "q0": 1.0,
          "q1": 0.0,
          "q2": 0.0,
          "q3": 0.0
        }
      }
    },
    "elbowThrustBearingSideLink": {
      "x": 85.18487055354626,
      "y": 101.18711819260544,
      "z": 0.0,
      "rotation": {
        "storage": {
          "q0": 1.0,
          "q1": 0.0,
          "q2": 0.0,
          "q3": 0.0
        }
      }
    },
    "WristLink1": {
      "x": 69.57415914280391,
      "y": 152.7234332231321,
      "z": 0.0,
      "rotation": {
        "storage": {
          "q0": 1.0,
          "q1": 0.0,
          "q2": 0.0,
          "q3": 0.0
        }
      }
    },
    "BaseCone": {
      "x": 60.82410059737979,
      "y": 33.054021514750914,
      "z": 0.0,
      "rotation": {
        "storage": {
          "q0": 1.0,
          "q1": 0.0,
          "q2": 0.0,
          "q3": 0.0
        }
      }
    },
    "BaseMount": {
      "x": 202.0,
      "y": 134.30291176373143,
      "z": 0.0,
      "rotation": {
        "storage": {
          "q0": 1.0,
          "q1": 0.0,
          "q2": 0.0,
          "q3": 0.0
        }
      }
    },
    "MiddleLinkMainBracket": {
      "x": 212.25876287738075,
      "y": 239.44086707756023,
      "z": 0.0,
      "rotation": {
        "storage": {
          "q0": 1.0,
          "q1": 0.0,
          "q2": 0.0,
          "q3": 0.0
        }
      }
    },
    "EndEffectorPlate": {
      "x": 33.03124999999997,
      "y": -33.03125,
      "z": 0.0,
      "rotation": {
        "storage": {
          "q0": 1.0,
          "q1": 0.0,
          "q2": 0.0,
          "q3": 0.0
        }
      }
    },
    "elbowDriveLink": {
      "x": 186.42814834742185,
      "y": 133.94228433847192,
      "z": 0.0,
      "rotation": {
        "storage": {
          "q0": 1.0,
          "q1": 0.0,
          "q2": 0.0,
          "q3": 0.0
        }
      }
    },
    "craneBase": {
      "x": -45.91526116858307,
      "y": 33.03125,
      "z": 0.0,
      "rotation": {
        "storage": {
          "q0": 1.0,
          "q1": 0.0,
          "q2": 0.0,
          "q3": 0.0
        }
      }
    },
    "BaseMountsupportCrane": {
      "x": -42.161519420623634,
      "y": 40.0,
      "z": 0.0,
      "rotation": {
        "storage": {
          "q0": 1.0,
          "q1": 0.0,
          "q2": 0.0,
          "q3": 0.0
        }
      }
    },
    "wrist2ThrustBearingSide": {
      "x": 134.39932110560642,
      "y": 65.25,
      "z": 0.0,
      "rotation": {
        "storage": {
          "q0": 1.0,
          "q1": 0.0,
          "q2": 0.0,
          "q3": 0.0
        }
      }
    },
    "wrist2Drive": {
      "x": 90.16882477832402,
      "y": 198.17448295000548,
      "z": 0.0,
      "rotation": {
        "storage": {
          "q0": 1.0,
          "q1": 0.0,
          "q2": 0.0,
          "q3": 0.0
        }
      }
    },
    "EndEffectorMount": {
      "x": 176.96875,
      "y": 183.98337332770157,
      "z": 0.0,
      "rotation": {
        "storage": {
          "q0": 1.0,
          "q1": 0.0,
          "q2": 0.0,
          "q3": 0.0
        }
      }
    },
    "BaseMountStandard6dofArm1": {
      "x": 35.03125,
      "y": 210.0,
      "z": 0.0,
      "rotation": {
        "storage": {
          "q0": 1.0,
          "q1": 0.0,
          "q2": 0.0,
          "q3": 0.0
        }
      }
    },
    "MiddleLinkActuatorBracket": {
      "x": 224.80842534288212,
      "y": -33.04682085921707,
      "z": 0.0,
      "rotation": {
        "storage": {
          "q0": 1.0,
          "q1": 0.0,
          "q2": 0.0,
          "q3": 0.0
        }
      }
    }
  },
  "bedX": 200.0,
  "bedY": 240.0
}