{
  "locations": {
    "": {
      "x": 10.5,
      "y": -0.5,
      "z": 0.0,
      "rotation": {
        "storage": {
          "q0": 1.0,
          "q1": 0.0,
          "q2": 0.0,
          "q3": 0.0
        }
      }
    },
    "elbowThrustBearingSideLink": {
      "x": 123.49884499580608,
      "y": -184.3306906872619,
      "z": 0.0,
      "rotation": {
        "storage": {
          "q0": 1.0,
          "q1": 0.0,
          "q2": 0.0,
          "q3": 0.0
        }
      }
    },
    "WristLink1": {
      "x": 33.03125,
      "y": -33.031250000000014,
      "z": 0.0,
      "rotation": {
        "storage": {
          "q0": 1.0,
          "q1": 0.0,
          "q2": 0.0,
          "q3": 0.0
        }
      }
    },
    "BaseCone": {
      "x": 60.82410059737979,
      "y": -33.00846842335529,
      "z": 0.0,
      "rotation": {
        "storage": {
          "q0": 1.0,
          "q1": 0.0,
          "q2": 0.0,
          "q3": 0.0
        }
      }
    },
    "wrist2Drive": {
      "x": 16.487801846187015,
      "y": -10.237801846187011,
      "z": 0.0,
      "rotation": {
        "storage": {
          "q0": 1.0,
          "q1": 0.0,
          "q2": 0.0,
          "q3": 0.0
        }
      }
    },
    "BaseMount": {
      "x": 223.4846229927242,
      "y": -131.0414335394252,
      "z": 0.0,
      "rotation": {
        "storage": {
          "q0": 1.0,
          "q1": 0.0,
          "q2": 0.0,
          "q3": 0.0
        }
      }
    },
    "MiddleLinkMainBracket": {
      "x": 135.0,
      "y": -10.32,
      "z": 0.0,
      "rotation": {
        "storage": {
          "q0": 1.0,
          "q1": 0.0,
          "q2": 0.0,
          "q3": 0.0
        }
      }
    },
    "EndEffectorPlate": {
      "x": 54.21410707758154,
      "y": -119.11245925776743,
      "z": 0.0,
      "rotation": {
        "storage": {
          "q0": 1.0,
          "q1": 0.0,
          "q2": 0.0,
          "q3": 0.0
        }
      }
    },
    "elbowDriveLink": {
      "x": 84.9946693304737,
      "y": -28.67032155011472,
      "z": 0.0,
      "rotation": {
        "storage": {
          "q0": 1.0,
          "q1": 0.0,
          "q2": 0.0,
          "q3": 0.0
        }
      }
    },
    "craneBase": {
      "x": 33.03125,
      "y": 0.0,
      "z": 0.0,
      "rotation": {
        "storage": {
          "q0": 1.0,
          "q1": 0.0,
          "q2": 0.0,
          "q3": 0.0
        }
      }
    },
    "MiddleLinkActuatorBracket": {
      "x": 135.0,
      "y": -25.25704692935931,
      "z": 0.0,
      "rotation": {
        "storage": {
          "q0": 1.0,
          "q1": 0.0,
          "q2": 0.0,
          "q3": 0.0
        }
      }
    },
    "wrist2ThrustBearingSide": {
      "x": 210.53685614417853,
      "y": -141.97741136799095,
      "z": 0.0,
      "rotation": {
        "storage": {
          "q0": 1.0,
          "q1": 0.0,
          "q2": 0.0,
          "q3": 0.0
        }
      }
    }
  },
  "bedX": 250.0,
  "bedY": 250.0
}